{
  "name": "Lab Node Working with Okta FGA",
  "version": "1.1.1",
  "resources": "resources.yml",
  "unauthenticatedTour": ".auth0/lab/guides/signin.tour",
  "postConfigureTour": ".auth0/lab/guides/register-the-sample-app.tour",
  "clients": [
    {
      "name": "Lab: Drive App",
      "directory": "src/app",
      "env": {
        "API_URL": "Lab: Drive App",
        "ISSUER_BASE_URL": "$tenant_base_url",
        "CLIENT_ID": "$client_id",
        "CLIENT_SECRET": "$client_secret",
        "SESSION_SECRET": "a long, randomly-generated string stored in env",
        "PORT": 3000
      }
    }
  ]
}
