{
  "name": "Lab Node Create an Application",
  "version": "1.1.2",
  "unauthenticatedTour": ".auth0/lab/guides/signin.tour",
  "postConfigureTour": ".auth0/lab/guides/lab-setup.tour",
  "clients": [
    {
      "name": "Lab: Web App",
      "directory": "src/web-app",
      "env": {
        "ISSUER_BASE_URL": "$tenant_base_url",
        "CLIENT_ID": "$client_id",
        "CLIENT_SECRET": "$client_secret",
        "SESSION_SECRET": "a long, randomly-generated string stored in env",
        "PORT": 37500
      }
    }
  ]
}
