{
  "name": "Lab Node Working with APIs from a SPA",
  "version": "1.1.2",
  "resources": "resources.yml",
  "unauthenticatedTour": ".auth0/lab/guides/signin.tour",
  "postConfigureTour": ".auth0/lab/guides/configure-tenant.tour",
  "clients": [
    {
      "name": "Lab: SPA",
      "directory": "src/spa-app",
      "env": {
        "API_URL": "Lab: API",
        "AUTH0_DOMAIN": "$tenant_domain",
        "CLIENT_ID": "$client_id",
        "PORT": 38500
      }
    }
  ],
  "resourceServers": [
    {
      "name": "Lab: API",
      "directory": "src/api",
      "env": {
        "ISSUER_BASE_URL": "$tenant_base_url",
        "AUDIENCE": "$identifier",
        "PORT": 35500
      }
    }
  ]
}
